,Copy Number Public 24Q4 ACTN4,Copy Number Public 24Q4 EZR,Copy Number Public 24Q4 MYH9,Copy Number Public 24Q4 FSCN1,Copy Number Public 24Q4 CFL1,Copy Number Public 24Q4 ECM1,Copy Number Public 24Q4 TAGLN,Copy Number Public 24Q4 PFN1,Copy Number Public 24Q4 GSN,Copy Number Public 24Q4 ANXA2,Copy Number Public 24Q4 ANXA6,"RNAi (Achilles+DRIVE+Marcotte, DEMETER2) CFL1","RNAi (Achilles+DRIVE+Marcotte, DEMETER2) ECM1","RNAi (Achilles+DRIVE+Marcotte, DEMETER2) GSN","RNAi (Achilles+DRIVE+Marcotte, DEMETER2) ANXA2","RNAi (Achilles+DRIVE+Marcotte, DEMETER2) ANXA6","RNAi (Achilles+DRIVE+Marcotte, DEMETER2) MYH9","RNAi (Achilles+DRIVE+Marcotte, DEMETER2) PFN1","RNAi (Achilles+DRIVE+Marcotte, DEMETER2) FSCN1","RNAi (Achilles+DRIVE+Marcotte, DEMETER2) TAGLN","RNAi (Achilles+DRIVE+Marcotte, DEMETER2) EZR","RNAi (Achilles+DRIVE+Marcotte, DEMETER2) ACTN4",Batch corrected Expression Public 24Q4 GSN,Batch corrected Expression Public 24Q4 ANXA6,Batch corrected Expression Public 24Q4 ACTN4,Batch corrected Expression Public 24Q4 PFN1,Batch corrected Expression Public 24Q4 CFL1,Batch corrected Expression Public 24Q4 ANXA2,Batch corrected Expression Public 24Q4 FSCN1,Batch corrected Expression Public 24Q4 MYH9,Batch corrected Expression Public 24Q4 ECM1,Batch corrected Expression Public 24Q4 EZR,Batch corrected Expression Public 24Q4 TAGLN,"CRISPR (DepMap Public 24Q4+Score, Chronos) ACTN4","CRISPR (DepMap Public 24Q4+Score, Chronos) ANXA2","CRISPR (DepMap Public 24Q4+Score, Chronos) ANXA6","CRISPR (DepMap Public 24Q4+Score, Chronos) CFL1","CRISPR (DepMap Public 24Q4+Score, Chronos) ECM1","CRISPR (DepMap Public 24Q4+Score, Chronos) EZR","CRISPR (DepMap Public 24Q4+Score, Chronos) FSCN1","CRISPR (DepMap Public 24Q4+Score, Chronos) GSN","CRISPR (DepMap Public 24Q4+Score, Chronos) MYH9","CRISPR (DepMap Public 24Q4+Score, Chronos) PFN1","CRISPR (DepMap Public 24Q4+Score, Chronos) TAGLN"
ACH-001608,1.0509762008,1.2647120946,0.7471568274,1.1084102828,1.2572704329,2.2708792574,1.3316002071,0.8138320487,0.9120867797,0.8847801965,1.251684533,,,,,,,,,,,,3.0864771772,6.2482299238,8.2309537376,10.5404184513,10.7066252191,10.8450461328,5.7910550709,8.1382400986,4.5230866315,6.7464332784,6.4225202493,0.011188223229537027,-0.04951066874788374,0.25505098511454416,-0.23414008815076964,-0.6412558574841583,-0.0378946385117492,-0.17493686459354119,0.03938475689909338,-0.2691940609128314,-0.8973091311729147,0.04093265377480532
ACH-001201,0.5912068949,1.0222853846,1.0139489375,1.0244005978,1.0362973341,1.0366694837,1.0362973341,0.5036320497,1.0105831287,1.0141773784,1.0286919355,-0.289085872992,-0.09267251304960002,0.30173950667800004,-0.130716096546,0.00212776472384,0.13552361150999997,-0.294090789409,0.116117284857,0.025247519238,-0.0989748290208,0.068163938873,2.6190581136,5.8436665226,5.0426218592,7.7428314525,9.1521506084,6.8458965354,7.2682750651,3.5584496456,0.4171205599,6.1490648054,2.0124649043,,,,,,,,,,,
ACH-000025,0.9927531923,1.0897249196,0.7538508404,0.9859114627,1.2102239159,1.0510774645,1.2102239159,1.0905765201,1.0450898637,0.8521309165,1.1195345097,-0.324083078784,0.0609832076368,0.35653120076,0.09065404633610001,-0.118316353842,0.18578379434099998,-0.153681423534,,-0.029661546449700003,-0.111176396086,0.18105525448399998,4.9732993704,7.6130420293,7.4669309971,11.1451685448,10.326706986,10.8538566552,5.3940980467,7.5768342885,2.7046917433,6.036560894,2.7952861575,0.09748839335983542,-0.016368053286964505,0.20463708202762593,-0.215728074413101,-0.16979882500171273,-0.04502003177118466,-0.16297827470456264,-0.10679190028535518,-0.7242690901310653,-0.9026685220387308,-0.049700685150817096
ACH-000455,1.4798674899,0.9818435061,0.6187056012,1.8279821719,0.9455692337,1.2519535184,1.543888966,0.9413296873,1.2654822902,0.7159789115,0.9592069387,-0.381608303707,0.131096969165,0.0759068603461,0.0934047108714,-0.0460537639424,0.0179577212144,-0.373991581302,,0.13078596865800002,-0.182767373386,0.12044893919199999,3.0422033863,3.4446528766,7.3659529049,9.4990508557,9.7738121321,9.8459649283,3.3124914081,7.0585506767,2.4205479566,5.8536093831,2.6214045534,0.05518207905011961,-0.13079511962049603,0.12253102973789805,-0.2051980098627788,-0.11053733115615905,0.005328701652177767,-0.10891215883451288,-0.04088435571976785,-0.6539809766856255,-1.3305068799760884,0.19111470804637193
ACH-002070,0.979667442,1.0203046592,1.0155462892,1.0091474591,1.042563314,0.9699995613,1.042563314,0.9735891531,0.9779062036,1.0018017244,1.0406861165,,,,,,,,,,,,7.5082579393,7.5855638673,8.5978072281,10.5330308196,10.4508341322,11.9162337306,6.7822308112,9.4500356121,3.287685398,7.7228663092,6.1711201045,-0.03405205100706532,-0.017761571377685793,0.18533886298262978,-0.5381300181796109,-0.11369928077578897,-0.008849954472361544,-0.23050482514586884,-0.0031932804109341666,-1.069168160309967,-0.2708279038488767,-0.04985544678830657
ACH-001067,1.0014670814,1.019469066,1.0004776925,1.0393589606,1.044304184,1.0759298365,1.044304184,1.0008910909,0.9972568271,0.9990148303,1.0386423811,,,,,,,,,,,,7.8956395006,6.4745758761,7.238024052,10.7702638155,10.6176683153,10.3466054177,6.7195331121,7.5016384701,4.607913361,6.22621729,8.6587466851,-0.06758149463951581,-0.09153464737660724,0.24674192232421666,-0.25415883880460993,-0.3129059869172882,0.010298248207316929,-0.018139984860063546,0.0491865012779942,-0.3011173771482769,-0.6265742570317894,0.09618551176634083
ACH-000595,0.8001215012,0.5842938462,1.2715859667,1.81945075,1.2576260444,1.3615151162,0.7846395707,0.7569962193,1.017902938,1.161090962,0.9821886117,-0.16209455089400002,0.23139663527100002,0.162182305306,-0.281141315642,-0.18586037961399998,0.327108797766,-0.206230106948,,-0.0859924663135,-0.16126946634199998,-0.0006399765776809999,7.2897462738,5.6988776612,7.6291539546,10.6275054504,10.8815631252,11.4970733147,7.3532094494,8.4369150374,7.5677510972,5.4136794696,1.5619038952,0.03842990101596059,-0.02017182012689645,0.13690332771050545,-0.29387088794337574,-0.18552524368049295,0.12375021548260048,-0.1244124379846116,0.04153162204475246,0.03412637179418487,-0.4929570598102515,0.019705709696463375
ACH-000887,0.9245440732,1.0126474557,0.8097733112,1.3906159094,1.0706752812,1.1850287001,1.1214684236,0.7768720969,1.1166166704,1.1003442873,0.8365333719,-0.33142371996500003,0.00577873342591,0.027515178351599997,0.113992035104,-0.105942801247,-0.107311605012,-0.05787215810100001,,0.0837434966134,-0.0683270256895,0.171085832724,6.1171666832,0.8930487817,7.0901575366,10.3148163837,9.8424638517,11.0153879127,6.3991612909,6.7168985229,3.8171315452,8.7258702182,3.7498027134,0.10455040083688318,-0.00037433588933662046,0.19612572163847464,-0.43771046628525634,-0.07177141718532545,-0.07793207001685497,-0.27771426047071746,-0.04358560036496273,0.0817492814827604,0.007889648681634331,0.12197088361571987
ACH-001020,0.9893829891,1.0002433243,0.9871758457,0.9995862767,0.997350841,1.0041898166,1.0011630837,0.9933568606,0.9998523705,0.9954708667,0.9951576524,-0.262178072856,-0.184206528831,0.12844664546700002,0.279733048707,-0.156699704423,-0.012818302321600002,-0.389404454232,0.05222804521319999,0.125273800883,-0.0171787108244,0.04957042132950001,5.9706063919,5.7567359691,7.3026867332,10.8355079842,10.4223362187,10.7132426269,6.8508674089,6.8855915447,0.1972730395,7.9072638482,5.9445786874,-0.23024646391157044,0.12041992965562723,0.06265029573786146,-0.6287147622453347,-0.34911049876914557,-0.06655303539307554,-0.5325489798533297,-0.12831285555817623,0.1009907153461832,-1.503211777063738,-0.268196494921517
ACH-000211,1.0766378124,1.6872070166,0.9300621304,1.3143094558,0.9105353919,1.0700008925,0.9419680291,1.1236657892,1.5728673455,0.9390188343,1.3051268189,0.029994459783999998,-0.0716788400349,,,0.00441477578067,0.0876853687377,,,,0.123418229312,0.408424132717,6.2086398347,7.2446107826,7.9552820852,10.7026030259,10.2368490931,10.4390526159,7.049382359,8.5746844088,4.9888971987,7.9148715088,5.9363372899,0.06405900036226392,-0.02727542624131287,0.1559261747836884,-0.39704373809983484,-0.2514653340249451,0.05327546779208906,-0.24468517349813457,0.1258429082455063,0.3603635873740888,-0.4205824851732852,-0.02625268379631565
ACH-000098,0.7694257406,1.0747283142,0.7510401811,1.7347803417,1.1117812834,0.7760943731,1.1271191237,0.7427682227,1.1159620756,1.0965655079,1.4894771588,-0.018030798942900002,-0.042868421680800003,,,-0.341361878332,0.09166227231080001,,,,0.012842425656600001,0.354925115628,4.9866683367,7.4380776933,7.9901435685,10.3373988663,10.614050056,10.8293353167,5.6544274588,8.1233363445,4.1288318669,6.9685953292,1.6007699006,-0.07385892917216498,0.060229216956028904,0.2525977086633689,-0.09732392177453886,-0.20496015929636047,-0.10393135615761696,-0.15716207409686397,0.09854626729419462,-0.3863731141900702,-0.40872775021889474,0.04145487906231372
ACH-000152,1.2440340729,1.5764681249,0.7966809593,1.369282383,0.7893559954,1.0551747889,1.047464246,0.7774522636,1.0394490181,1.0261936476,1.3202883065,-0.0618680273623,-0.310186975475,-0.137139076055,0.270117701216,0.0719814657123,0.463600723373,-0.46169218048199995,0.213260326853,-0.0381311633531,-0.122340689895,-0.0130502028023,4.8987375956,7.9162354948,9.0658070478,10.6245353254,11.1654880176,11.3271097764,7.3201552861,9.0457557016,4.6527174912,7.9635593581,11.0587957028,0.07351573048847874,-0.07829839037790166,0.1422804211770098,0.11843349451091412,-0.2599453825951483,-0.0829446266037367,-0.036013072477565605,-0.00038520733980504894,-0.6878909932329343,-1.732008605592863,-0.28036037910629713
ACH-000368,1.0114387803,1.0993044554,1.0822816567,1.5593718542,0.8670541489,0.8050855499,0.8670541489,1.0044320717,1.0929246954,0.8543605871,1.0382356992,-0.15948675944000001,0.259499446931,0.38022110213200006,0.00628053093079,-0.0358742657878,-0.0536609540964,-0.296696229461,,0.41770488737899997,-0.11757708743899999,0.00289933600478,6.899530411,7.3021481013,9.8524987784,10.9646984417,10.9849202028,11.3135540281,7.8654497554,10.3386907885,6.4546492368,7.0678318502,9.9731393175,-0.008963477090746637,-0.10693012050266307,0.3068288369930626,-0.5504066943454221,-0.14875394800629788,-0.08904997397258883,-0.06228763483937427,0.19676031707325378,-0.6991061000464269,-0.3416125962646684,-0.11589307882980973
ACH-000437,0.8506879951,0.8973968344,1.1423604996,1.5882136499,0.9038260225,0.9070060003,0.8988386084,0.8970075293,0.9957952232,0.8213146858,1.6465233825,-0.613593876788,0.128112329508,,,-0.04664037894069999,0.0991130025906,,,,-0.012065633225399998,0.254240752512,6.6175374482,8.3831715377,8.3225804285,10.1380394418,10.4746823096,10.5758928615,6.9096983118,9.1621579945,5.1119758729,5.6426123603,6.8358378626,-0.13514512932124073,-0.06526947401789521,0.035276013136863016,0.0005115383008404972,-0.20937035513501798,-0.06140583049697953,-0.35379768153798197,-0.053816867211064774,-0.6652125460762288,-0.6775195005909834,-0.0037856823879012375
ACH-001670,0.6830414332,1.1458792306,1.0951936599,1.3518274361,1.4076581326,1.1044376691,1.4860596228,1.4148822565,0.7025398664,1.0914794742,0.7750595145,,,,,,,,,,,,3.4699396493,7.2779019633,5.925729357,10.9144396339,10.0680534058,8.1944975875,6.8635665693,5.8800207037,0.3272038845,6.1931206675,1.7477594253,0.046740570983082104,-0.005174585385445695,0.10122657025619923,-0.851652472373253,-0.4499519268209631,0.09280554923200472,0.00804469224912327,0.15398061614057393,-0.1581152646028976,-0.947099310510732,-0.021525776386166005
ACH-000370,0.9242269093,1.1365002488,0.6220890425,1.7769745265,0.9188440963,1.2549361821,0.923210796,1.1612374461,1.2209245092,1.2068363029,1.2088430964,,,,,,,,,,,,6.4159690361,6.8537277651,7.8786557128,10.5399898632,9.8835938874,10.4548644167,6.5402308215,6.7114648224,3.9366385259,7.4526471167,8.5090139412,0.2512161467001136,-0.01875931077025555,-0.106154954500048,-0.7108027197773567,-0.11084165833450989,-0.02073013194483933,-0.33990973407397507,-0.15819309373632193,-0.6975295535898753,-1.012480891881766,-0.3835711594517033
ACH-000819,1.415350138,0.7679104576,0.7099596807,1.3174351977,1.0941715885,0.7936732023,1.0734016419,1.06505874,0.8131052416,0.8169960453,1.185358127,-0.23952053374899998,-0.0691248449745,0.00958133360758,0.20066855712200002,-0.009149178582249999,-0.0361142638639,-0.399586956218,0.0958745524911,0.176611903539,-0.102783226265,0.07367953879889999,6.1868573923,6.8145825758,7.9541986913,11.4071889126,11.1254486571,9.7183978878,6.9373339091,7.6618998009,3.7574334877,5.8425968369,2.705819135,0.06139841476472774,-0.07574592366554941,0.17579766454679463,-0.4499871490290906,-0.1979987516065147,0.07384524801799847,-0.22291357521086855,0.09487958623409598,-0.5718818128519717,-1.0233715688204899,-0.08774733230705181
ACH-001711,1.03185625,1.1186176507,0.8382102101,1.0799234118,1.1323618109,1.1326522587,1.1323618109,1.1363820907,0.8390740255,1.0529536998,0.9612382746,,,,,,,,,,,,1.086533283,6.3987290447,7.3208025014,11.3855249897,10.0050517439,9.6270126192,6.0004324433,6.4561183498,4.5149763312,5.8684838748,1.9266835666,0.011030566696760696,0.014028670695369273,0.12483142092567025,0.2503742126279469,-0.30924258952010836,0.16706951611772847,-0.07855567220109728,0.01362433902847739,0.31078574600103737,-0.5549458513970293,0.2589434801217253
ACH-000036,1.0025436139,0.7010639715,0.6556878196,1.7113217143,1.030317512,1.0521635668,0.3402693239,1.0151169869,1.0092915639,0.9900511722,1.0711785674,-0.0757351468129,-0.104949381893,0.35578211059799997,-0.20852100934999998,0.24334198853,-0.47230549333000005,-0.105500236589,,0.456058870396,-0.174726389912,0.198557680341,6.6145007296,7.3612882827,7.7879975141,10.6318718828,10.5574911388,11.0683352271,7.8261064677,6.8991770649,5.9794364799,1.6014084334,3.7799909691,0.04039823304231274,-0.015305327648005674,0.15530884803605283,-0.27034299841563914,-0.11581081364238939,0.005615925026307601,-0.3197996925793418,-0.029463559503871625,-0.9423073485896648,-0.716280419524755,0.05014220638369412
ACH-000215,0.9422037636,0.9129659756,0.9894872344,1.9723450983,0.99498453,1.2457624567,0.9173537002,1.1302093269,1.0181774365,1.2176934622,0.9912226092,-0.249520635883,0.00794849867466,0.0445862274448,-0.249995825796,-0.014380063677000001,-0.371934990823,-0.0348277550936,,0.239038870513,-0.154940569311,-0.053497730105599994,6.9164672099,7.0111076018,7.3013953213,11.0144297819,10.4236165641,10.7170932611,7.9186036519,8.1878540919,7.9112092036,5.5822808648,2.3462403306,-0.04502171797521021,-0.007621102706787397,0.1124790582816324,0.08100758017476795,-0.2358728013908301,-0.07671875838680502,-0.13624540289730477,0.06578493367632661,-0.8421915956397836,-0.4397844401109976,-0.0434113085304679
ACH-000479,1.0179854915,1.0326934065,0.5230602349,1.5797113844,1.0422872983,1.0442332484,1.0422872983,1.0489667876,1.0481186186,1.0501074819,1.0413405854,-0.23224775813,0.35387214777599996,0.114671141997,-0.121556622721,-0.0729528665412,-0.150694952975,-0.303775292878,,-0.125474659259,0.04767558974259999,0.230577196247,6.9684125351,6.7205488539,9.2987869992,10.3866214632,10.389735438,12.046576826,8.4007672486,8.3614824595,4.2965913196,9.1922183978,7.7970457094,-0.015169207763351886,0.01579126839146618,0.17099923734247427,-0.41203240149981485,-0.12519319901825293,0.06841211298075012,-0.34472855221784005,0.2755771310270357,-0.7506529436465947,-0.481925929253184,-0.32278458285120226
ACH-000273,1.436962089,0.9128134788,0.8395574758,1.8273424182,0.7002631133,1.2276761153,0.7082737602,0.8686572839,1.0993646535,1.0917140317,1.3647209617,,,,,,,,,,,,6.488587584,8.1659080884,8.3899027656,10.360115354,9.8829900223,10.6526200735,6.0663008009,8.1568092087,6.9147234741,6.4801721855,4.7511412177,0.05201986103642639,-0.081996930586865,0.11410108669037432,-0.21585463086561985,-0.23617167204899653,0.028590805641467147,-0.145755732823787,0.11857452567462981,-1.1729347989819585,-0.03467469097487952,-0.0254880568452755
ACH-000756,1.1572022231,0.7367208612,0.9334217567,1.9005592474,1.2101098359,1.2614971964,0.9591331408,0.9305276985,0.9548380741,0.7326956726,1.2413466079,0.105745496799,0.023622537538799997,,,-0.292806870157,-0.0242414516876,,,,0.197496226954,0.29739288927499996,5.8596651433,8.1477582922,7.5603127293,10.5666416161,10.6936979958,9.8641781034,7.8036843872,7.9563758297,4.6379429575,4.7079812379,8.4804406524,-0.3998081019124716,0.019115933985129726,0.11532262278950264,-0.03267395206543067,-0.10413431182585282,-0.028571746505805747,-0.03962506660950829,0.19266228498882276,0.3651359164764989,-0.6530398902533673,-0.04531587141621392
ACH-000673,1.0041160379,0.9666154771,1.3033052317,1.1049131705,1.2843095775,0.7352903724,0.7574134785,0.669073681,1.0825705148,1.0324858429,0.8181135495,-0.220893071058,-0.527707305574,0.00941341070175,-0.195170572628,-0.0823256756147,-0.35282391996600004,-0.281050882251,,0.13769075363299998,-0.25136285194,0.18520073820900002,6.5755358054,6.9308500325,8.3957183991,10.8057134805,11.1969669902,11.119379445,7.7474250729,9.3487433555,6.7414365387,6.362491052,6.6951512762,0.06810122105278943,0.004483944522218489,0.21746495172278307,-0.22205753480849877,-0.15179293533596128,-0.0525658355931078,-0.2164017732601747,-0.028514433963947414,-0.27921900971196284,-0.4581586174445104,-0.027784895583201862
ACH-000376,1.2031762546,0.971635428,1.0015309465,1.5913608368,1.0124165524,0.9577845043,0.9428825643,0.9296103265,0.9773525708,0.9729880558,1.383210763,-0.556890268622,0.15023285491,-0.23265735995,0.0387656130504,-0.10418873155899999,-0.266674268057,0.04575976649400001,,0.534923823151,-0.263930487561,0.339092296833,5.2636378256,5.9606544423,8.3640042767,10.7444478874,10.4225417642,10.6805973894,6.3452405617,7.8156143733,4.7437259254,6.5106007852,2.5670943225,-0.27494493233691153,-0.012566248960948566,0.25931321033824245,-1.014865595595811,-0.12742915025949497,-0.07791071501459473,-0.16053671872151032,0.022705570018006917,-1.4918242973141236,-0.1399824535540134,-0.053857391420610884
ACH-000883,0.9122587571,1.0774836667,1.0099640915,1.4011010409,0.8642813888,0.8875067517,0.8642813888,1.0940767899,1.0964469416,0.8220414237,1.2131021176,0.186236631331,-0.07446388245,-0.08375771447939999,0.260348448904,0.0933317639834,-0.0928346265715,0.017450924371599997,,-0.13095801529999998,0.0376697017622,0.10060733863099999,5.8957554276,6.6627000841,8.2903840306,11.1208444695,10.4055713845,11.1896389161,7.3068438113,8.2814605431,5.127379366,6.4027979416,7.4348486023,,,,,,,,,,,
ACH-001609,0.5342455903,1.0075929969,0.9677947378,1.4823406243,1.340545326,0.9925660402,1.3094436711,0.9960706641,1.0060326816,0.9710900572,1.0226546288,,,,,,,,,,,,5.0635093889,8.0272944572,6.9192289074,10.557622423,10.8404119096,11.377634263,8.297738951,8.5651091027,5.8343242006,6.0556248645,4.387092522,0.09522128473179696,-0.10192665977027676,0.2618778405524286,-0.32267447021591933,-0.12462386471905018,0.020304961424022022,-0.15511241948098106,-0.08004317320706855,-0.30162736293730963,-0.6062192226581873,-0.2625097278608279
ACH-002806,1.0418134733,0.6165872661,0.8211074897,1.234118561,0.9667863439,0.6591222603,0.9603012762,1.0978416663,1.040406992,1.5095609414,0.9683610791,,,,,,,,,,,,7.5857704054,0.2342944017,8.6829714727,11.2063193281,10.9544058475,10.7878106891,6.9179961664,9.0258876111,4.0036998822,8.0550042737,6.5730651046,0.0191344621812848,0.01814133288623591,0.1745261795272738,-0.27608416077868153,-0.26967691349270884,-0.03623437917060407,-0.03381984548053457,0.07104381617608405,0.0786124592589017,-0.5750071576789149,-0.009452202001347415
ACH-000738,0.8648824691,0.6987726271,1.2036275215,1.7470585999,0.9491638105,0.971415223,0.9912177998,0.8834938516,0.9901650965,1.0048324776,0.9023674918,-0.535438655903,0.00950956465609,0.21684176871,0.11899009044600001,-0.00404411944253,-0.0160243019829,-0.24989882459399998,,0.20068239414,-0.26043422399099997,0.142885344572,4.4762482448,3.9654818422,7.7342433034,10.7798808322,10.3780581195,12.606918796,8.0676932299,9.0799651149,2.7818084855,8.3058243858,2.4429364415,-0.03886820019049489,-0.06487019897101108,0.16171200165969815,-0.6259708014003149,-0.22288898243782168,0.02302279148193294,-0.28810225041444915,0.0629930233302563,-1.0577169138248728,-0.6912824115439212,0.11986767815174854
ACH-001611,1.5771009393,0.8199671398,1.1992064101,1.0118980893,1.161875914,0.671246702,1.2353689712,0.8664149248,1.4754929219,1.1994308622,1.2111713633,,,,,,,,,,,,7.3848496926,7.7693591844,9.5478618884,11.3923510507,10.7923480263,11.8846991785,7.8763545092,9.6781255803,5.021490896,7.0488873235,10.8098407635,0.04273442228651542,-0.023723988629117287,-0.0965048336306337,-0.2038405812086071,-0.13861739823666117,0.24179792826595986,-0.059508441408275395,-0.16066508484634567,-0.41398980744514613,-1.1212280533223546,-0.1431130512831451
ACH-000504,1.0286092267,1.0996870358,1.511535644,1.1231977884,0.9583429949,1.0698473782,1.0542404845,0.9765555383,1.3495299549,0.9715963666,1.0221854776,,,,,,,,,,,,8.5329046369,7.9306348361,9.0813214752,10.8187072533,10.6931540209,11.4647079136,7.0247173388,9.28045993,6.7589991694,7.2420506798,9.1799146342,-0.0019342487096174407,0.16962708405259022,0.1184026195910051,-0.09639001351421123,-0.2735500994816509,0.04660069001433468,-0.0040845341750214426,-0.01987145348931197,-0.938127489700708,-0.4163705947641493,0.028117980661045344
ACH-000231,1.2474344439,1.2987799336,0.3593555817,1.0702998265,0.6883699382,1.1832722086,0.736713712,0.6688450832,1.2640644298,1.2295854513,1.337656787,-0.503097684642,0.17480228156199998,-0.195685315628,-0.250825500231,0.133182340522,-0.274596807283,-0.21758344205699998,,-0.0241040522364,-0.218708289126,0.33853819127499996,6.0708576558,6.0379545775,9.4980257528,10.3529242874,10.2527212849,11.6341638558,7.7014345256,8.1692647083,4.0774022376,7.4205456586,8.2584093372,0.17400827473907396,-0.03739061039907651,0.1271943364864765,-0.18675454618339543,-0.28942648103831836,-0.12387728806702078,-0.2699098041092132,0.0560668043493503,-0.9001225839023619,0.07765104869935247,-0.06497879114328324
ACH-000244,1.0002897775,0.5340027216,1.0115986382,1.5799512016,1.0330685583,1.0730244873,1.040982633,0.9876843804,1.1256723792,1.0425777671,1.1040595582,-0.11392107005100001,0.127902998885,0.254358545202,0.175535352288,0.047211653426,-0.388655221295,-0.035343170145800004,,0.286876142803,-0.441646987504,0.099178278345,8.6917366193,7.6730701193,7.5985831965,10.0028168914,9.7238462004,11.1904722788,7.4535086661,8.54567941,7.7209509944,4.3013511844,9.7445410669,0.10114963549889924,-0.21321998017785707,0.12032130154831798,-0.24372139846658464,-0.09073484671824827,-0.0954075162989069,-0.2975958026908444,0.05485683538748685,-1.494605471978145,-0.7948822190625371,-0.18858960078666495
ACH-001623,1.4778931827,0.9153662467,0.7367800996,1.6533223089,1.5612342308,0.7451103459,1.3689246137,1.2653469352,1.5162945147,0.989131337,1.3270695661,,,,,,,,,,,,6.4037275576,7.1605139606,8.1222514461,10.4430667318,10.7224909117,10.5183097654,7.2846537102,7.0855404587,6.6557500052,6.0203040737,2.7578196424,0.32898343383482376,-0.0935857194012207,0.18185946448868623,-0.533049725942775,-0.12576815350386866,-0.08173995833869792,-0.17507879381485325,0.005410007139189725,-0.8467731365063822,-0.9941009735273272,0.060918950653446234
ACH-002681,0.9424970448,1.2445524223,0.7085639639,1.0843939731,0.7589143608,0.9865800367,0.7589143608,1.106613938,1.0384357812,1.4132473581,1.0616204009,,,,,,,,,,,,7.1340102,7.4059343058,8.1775672012,11.1020646657,10.4897001483,11.6933129776,7.1398384254,8.9648591818,5.1734135927,6.7780835065,7.8981287471,0.01753162469295072,0.00771594265066182,0.1447282572208478,-0.17344552268308833,-0.21679924015929067,0.04604505343649003,-0.07849320614843805,0.03220411216739692,-0.8711641054448832,-0.33665782980927716,-0.0936301397958132
ACH-000232,1.0298048715,1.0855122448,0.6956217755,1.4362670308,0.9394341864,1.0789402703,0.9480420791,1.3023100845,1.0292268507,1.299894916,1.072902517,-0.330972999664,-0.100908526269,-0.00423759753592,-0.0688592294339,-0.303069365898,-0.19962224282699997,-0.412879937628,,0.0140055384581,-0.305106214128,0.11647670130200001,7.0554394715,4.307904235,8.3872745601,9.9748370681,9.6500391583,11.7386124473,5.7113395659,7.0665237171,3.7875783148,6.5602330814,1.0106029382,0.0052120678170146165,-0.05760911423622763,0.2433662866398093,-1.1077071880733278,-0.28807894503071463,-0.000908864491242483,-0.04424345159356248,-0.01124902107223368,-0.704247358157575,-0.5037629131751773,0.025175644162528342
ACH-001624,0.9682751672,0.8209532649,0.7916814758,1.2266341314,0.9726407895,1.0156237237,0.9978300345,0.977929928,1.2119548888,0.8209936679,1.4560097334,,,,,,,,,,,,6.878333881,0.1804520338,7.9010491957,11.1093455303,10.3711398026,11.2208400131,7.6926893841,7.6324307568,3.3305618228,6.738919194,7.7723250648,-0.1504486557319959,-0.007025542325683373,0.022623729672698156,-0.16017416121199657,-0.13124409733897463,0.12121820407527378,-0.03537609967308855,0.20161895764191506,-0.5662147328918775,-0.009072742344942819,0.03410653908747894
ACH-000776,1.1138137439,0.9155521693,0.7073616942,1.201333741,1.0659871152,1.3234585398,0.57128676,0.5570377476,1.1234991243,0.5897486025,1.1734919946,,,,,,,,,,,,5.686760046,4.6161497959,7.0285702288,9.4659768351,9.6690696832,10.1022740452,7.719299147,6.0450558046,1.4295667793,5.5868295286,1.1903411584,0.06761590915825481,0.03389216340120902,0.3267421466125485,-0.5246728326758805,-0.179575330565234,-0.0008173080567015507,-0.24262995399435305,-0.25931916631442664,-0.9280729002418663,-0.24639917314157778,0.2744149999968687
ACH-000283,1.0430288044,0.8038532195,0.716862336,1.4175552833,1.0452043253,0.7322184341,0.9947659284,1.0118672284,1.0151345777,1.4455494881,1.1443489144,-0.150627320957,0.241411387281,0.126415349232,0.111929259781,-0.056284195581,0.221001826978,-0.38194641636200005,,0.428723885924,-0.733462628355,-0.039219495008000003,4.7895682769,7.2029129243,8.9593675693,10.7424226949,10.3619441406,12.9866935839,6.2761978891,7.6428662069,5.4114492689,7.6683435922,1.2182663119,,,,,,,,,,,
ACH-000464,0.8848182208,1.1371873849,1.2063829968,1.4758519451,0.8483338299,0.845354284,0.876839685,0.9977622558,1.0942087518,1.1323429736,1.1441442866,-0.33574794755000004,-0.029149063390900003,0.453657396009,0.43267481873499997,0.221546250022,0.5403391714729999,-0.353970759548,,-0.10391885676899999,-0.262447263504,0.191347862806,6.5219795449,6.9171929158,7.3219745878,9.9425295185,9.5306166574,11.0004458108,6.6490152064,8.2130615414,5.1268684465,5.2965780013,5.766816124,-0.253919923083588,0.08764069080027184,0.29113131489018335,-0.0945729851990102,-0.27846221313712105,-0.07530118458524947,-0.18570811751454613,0.03205403398639647,-1.1182740346619,-0.5478418786655304,-0.10986756306952278
ACH-000760,1.1004518333,0.958134436,1.2300355395,1.5068930219,0.8816378088,2.8161964971,0.8859437452,1.1450146046,0.9124991496,0.9351009328,0.9633466934,-0.286199073184,0.168951743164,-7.47068953778e-05,-0.010884490035399999,0.0787857404788,-0.0414355941998,-0.45994186439400003,,0.18316370074000002,0.141420517721,0.319092090821,7.0857725928,6.9866054893,7.6491640839,11.1494337666,10.502324537,10.6138082285,4.7413178267,8.5642592435,4.792360993,6.049614678,2.8196113371,-0.0904897321869368,0.006006779590286273,0.22308578436094342,-0.12283945331701285,-0.6432095131198794,-0.07799328608301695,-0.15826236758780712,0.20770574379392176,-0.5577741190848756,-0.8879740789800358,-0.26113488307105026
ACH-000126,1.0036679138,0.7289203079,0.8050381177,1.7662395196,0.8733440414,0.8421563466,0.8733440414,1.0583926882,1.5972908097,0.9587841735,1.7719341619,,,,,,,,,,,,6.7498928204,8.3730526721,8.0214453907,9.7857766933,9.6855342937,11.7287256985,7.1950271951,6.905305399,6.2954423001,3.9297625233,1.3504301848,,,,,,,,,,,
ACH-000655,0.8106864866,1.0761282317,0.7475821358,1.1153720313,1.1125745426,1.0580017399,1.1059598409,1.1798054674,1.0944749994,1.09686274,1.2180285925,-0.38652865671400005,0.10922857324100001,,,-0.106992312246,0.11266495975,,,,-0.0676057354413,0.222910883477,4.4573075101,7.9990482808,8.288240162,11.6513104897,11.3802549532,11.6318854076,7.5393970434,9.3787741535,5.3754900439,8.748556348,7.3378573168,-0.07002707190067141,0.05296273475468944,0.247054697648205,-0.6895368635842375,-0.22292474792723016,0.07638653887657199,-0.025492026952055213,-0.2331638055302987,-0.08097864485081907,-0.9943644710121451,-0.0643373103324793
ACH-001622,0.8225150603,0.8495854713,1.0314393562,1.1836626796,1.3714243091,0.9176010835,1.440342588,0.7016191352,1.0419788542,0.8121583791,1.1228521692,,,,,,,,,,,,7.7020154013,7.5633746481,7.9172878555,10.5102464495,10.4934734065,10.3665580517,7.2022779978,8.025683035,5.4913581757,5.2365802523,4.2534142259,-0.015698389134829308,-0.05774930103822939,0.14062935708212243,-0.002264477746083071,-0.21156401436269828,0.05542623880877353,-0.15678943901496106,-0.04045398074976955,-0.3506336162833331,-0.667629411292897,-0.18408644485634187
ACH-002680,0.9162314564,0.9649593008,1.2244806706,1.7228570472,0.7386040098,1.0660307103,0.7948998441,1.2911825623,1.2918790442,1.0101083129,1.1476088509,,,,,,,,,,,,7.3780950208,6.8964356149,7.8554289145,9.9387761825,9.7685816624,11.5764692135,7.4210771013,8.1469890068,6.744732623,6.2559252393,5.72545658,0.0625952097642152,0.14197196483213684,0.18001960748814402,0.09382882093467149,-0.2341794290589821,0.0549892161359462,-0.21454956327175229,-0.01233451074404428,-0.17586784402688693,-0.29590916691754904,-0.040452137710853237
ACH-000075,0.9959091181,1.0546198088,0.9996846678,1.0679440014,1.0804347896,1.1710786736,0.533423393,1.0040165148,1.0199511099,1.0398857274,1.0791324886,0.027593769693400005,-0.0200294630062,-0.08457971058430001,0.418938925667,-0.22129509722100002,-0.262963584782,-0.277270761733,,0.0762705477178,-0.10945858177899999,0.24085030719099998,6.6829539094,6.8698500277,8.0650106469,10.7927472436,10.6761060978,10.9877057463,6.2696774602,8.2853487973,6.1945308523,4.9776823883,2.5976376404,0.00848920424806726,0.09564647699072255,0.2302744912590586,-0.7376195319269279,-0.006775723776132753,-0.10725792266506642,-0.11276386335571183,0.09395653041396977,-0.8093480456827298,-1.221474232907759,-0.044590615850661375
ACH-001610,1.2652101194,0.5589317367,1.0339905497,0.7757566155,1.1103619227,1.0357142333,0.7968212348,1.2902270779,0.826634224,2.0138036158,0.8764167729,,,,,,,,,,,,6.9525431149,6.7605784533,8.5014189113,11.7872521825,10.8729385445,11.0587841408,7.7666550463,9.4005271227,4.9642033892,5.7711348277,6.6984601877,0.02927601220022967,-0.03190496833137849,0.1973374506141143,-0.6088895385063243,-0.2938210192376335,0.13254880133818694,-0.3260573790077575,0.13533222429520894,-0.2201269035569117,-0.5428186322976396,-0.1597216940022166
ACH-000676,0.8897605258,1.0877198289,1.0649037204,1.176295069,1.067116731,0.8296139164,0.8281126849,1.0213235663,0.9399142185,1.1158994217,1.1395024291,-0.140242467518,0.31438979772799996,-0.194812976361,-0.153239363204,-0.363901351527,0.053923724867000006,0.047792096866800006,,-0.0708459783509,-0.22641318824599999,-0.029326238587199998,8.8673287898,7.7541609006,7.3826067557,10.3266736973,10.153109101,9.9884548296,4.0219265172,6.5187026509,7.2616982983,5.4327060618,1.0545556247,-0.009925813505582033,-0.06743550579159924,0.26468564657472854,-0.04821360396604202,-0.2313700018196997,-0.0149416731177679,0.024900780913132414,0.03634267923199498,0.1177930631071109,-0.3223955049200385,-0.2953205501965478
ACH-000128,1.1394321352,0.7257597734,0.9360088009,0.7429386569,0.8581602607,1.4168548808,0.875794321,1.3243642756,1.1160742425,0.9602693265,0.994583912,-0.33740133362400004,0.040137786968900004,0.129188618859,-0.263906794948,-0.219405092068,0.04399953365680001,0.09404791208589999,,-0.0180185969145,-0.177661368916,-0.245948925475,5.423818581,5.1595059788,8.0530499981,10.1743897946,9.245384388,10.5822963292,5.2536026265,7.4819134505,1.3055514701,8.0686628222,3.1370639448,-0.09820215760231335,0.09913644632890845,0.2043320267186161,-0.6240524322170945,-0.22294208267332452,-0.009385277286736497,0.06639353045395577,0.17623756624495168,-0.27315278955171307,-0.3427830410980875,-0.07679377287633068
ACH-001053,0.9991851911,1.0503659108,0.9647579953,1.1253252185,0.9404173102,0.8894534448,1.2428265788,0.5429841535,0.9700775574,1.0573470602,0.9042884863,-0.401910060437,-0.164309982026,0.141671047342,-0.0204252756593,0.136248850776,-0.10761511991900001,-0.215793339661,0.241021914491,-0.117219996515,-0.0517511878543,0.26724821134300003,4.071000442,5.0221265095,6.5406593488,6.764363817,7.8352628481,1.1274011717,4.7740212991,4.2616694452,0.7799826951,6.7716901777,3.2359707942,0.0343803514497251,0.10115650127470606,0.3452296167172111,-0.4915098330974683,-0.3669896510256949,-0.1715609529359684,0.1987078206022362,0.0313642476274557,-0.5647622357765489,-0.4821935229009291,0.0351125820988858
ACH-000389,1.7473032327,0.6693413278,0.6469647437,2.463132095,0.970703097,1.0014774939,0.9915936928,0.6392264453,0.9865246468,0.996683949,0.9937177224,,,,,,,,,,,,6.6642641658,6.2004367508,8.4554347866,10.0146851751,9.7237961286,10.3369053874,7.2785515519,6.876670511,5.1299313663,4.8080351887,4.3244137308,0.001962463559675727,0.10063285965580548,0.32795732518593423,-0.6257681881776209,-0.3141565149789577,-0.020257291591439006,-0.32102096050000184,-0.010680069619906403,-0.1463316361417349,-0.546054350963864,-0.14430547607593106
ACH-000623,0.9711923751,1.2040964843,0.6559887598,1.238087261,0.854963657,0.8959747621,0.8730861978,1.1289119759,1.2057175644,1.0943596933,1.2946732176,,,,,,,,,,,,8.5205786598,7.7349526536,8.9951272538,10.6370795138,10.6371364358,12.2024423815,7.0225438862,8.2134986636,6.6576420084,6.5080637669,7.2292327287,-0.2701748333354605,0.008452360736188373,0.009443756110404017,-0.45284384578074,-0.34825695392635714,-0.002494232485048967,-0.23760670812591508,0.06487368921637826,0.29299495681177157,-0.13883375129784137,-0.18667464437817788
ACH-000445,0.843859079,0.6821571314,0.9809115787,1.6834314789,0.9044602472,0.9770037468,0.7320595928,1.0335068852,0.8748108385,1.3715811669,0.92483955,-0.430528939018,0.0157384244224,-0.195867841251,0.040805581511699995,-0.0847380391643,0.47598975033200003,-0.5432318624679999,,0.21485664075599997,-0.219252811049,0.013954802901099999,6.9189415729,6.9308500325,7.5580813987,10.6050069125,10.2458868273,10.9563422734,7.7741491552,9.500988029,6.9929418651,5.6484482088,7.9983808093,-0.03919697341026787,0.059005527296868594,0.34802268731055036,-0.13432397693107434,-0.2963619692870958,-0.005597977513512754,-0.19095870984521207,-0.09138453480249875,-0.07141041442122403,-0.7434411889063789,0.06677772118200234
ACH-000634,0.8382357747,0.9083845036,0.8554853179,1.6873216298,1.1560798118,0.8984530371,1.1560798118,1.138274885,1.7059030297,0.9260589892,1.1558570625,-0.0991510720338,-0.09028340005339999,0.19314840362,-0.0813712621573,-0.05640851616669999,0.31006609314800004,-0.33837575737099995,,0.211730322328,-0.491646556725,-0.12533814022,7.9070868994,7.1635240696,8.1091160196,10.5824907663,10.5777067569,11.9529480284,7.4910423412,6.9311620781,5.9869603831,5.0722904733,2.0861109907,0.008205425860946075,-0.13450233848645302,0.1953831010161436,-0.49429938082617214,0.011152926887080833,-0.04571969144983786,-0.45865102980979067,0.4281709631726673,-0.8299981621859102,-0.2504597189742856,-0.13530971273730527
ACH-000543,1.0886400368,1.089475686,0.6734253802,1.6059644974,0.9320272234,0.8629279428,0.9109956056,0.7992623298,1.4561742471,0.8916577724,1.4463442755,,,,,,,,,,,,6.5221413809,6.2688724211,8.6052420981,10.0339915731,10.1396768571,10.7704526685,7.1539910792,8.887433921,3.7162781329,5.4379817175,5.6045457668,,,,,,,,,,,
ACH-000571,0.8979649258,0.9075952729,1.1081283557,1.3623628499,0.984755176,1.1031691364,0.984755176,1.2659636668,0.8524357475,0.8140656219,1.1439991657,-0.353773655475,0.245675104292,0.0233751021797,0.115724460944,-0.287429838432,-0.269717942544,-0.36672611131800004,,-0.007198152021,-0.234518695403,-0.146505598438,7.0392381955,7.7029613503,7.8671838265,10.8922496579,10.582769326,11.3881558985,7.1124739371,8.5587925168,6.6992228999,4.8059708788,2.3941457079,0.027755753651997367,0.032561960922691466,0.14876481366934352,-0.03538377432064932,-0.26632216631537514,-0.007090256498319273,-0.10196393687795609,0.060281406581263866,-0.43334044284291856,-0.18222970613884526,-0.1553862758881625
ACH-002269,1.1604336209,0.9612995743,1.4974283774,1.436087844,0.7809900103,2.8633184435,1.0890928836,1.0605634977,0.9169385768,0.883822767,0.8678147424,,,,,,,,,,,,,,,,,,,,,,,-0.14824256258651414,0.08858603837371191,0.2737346752179865,-0.26900702113639086,-0.5544460620751701,-0.03598740067335372,-0.28569059763486615,0.02461797397955854,-1.1224383012486885,-0.9081573756001077,-0.019112884934444935
ACH-002348,1.083617051,0.5624313821,1.1123964147,1.1498343218,1.0689497238,1.988164321,1.0689497238,0.7560308446,0.8465586926,1.1375050892,1.0776196028,,,,,,,,,,,,,,,,,,,,,,,,,,,,,,,,,
ACH-000328,1.3021421945,1.1569977028,0.9191396628,1.8208170852,1.1170556032,1.1586983252,1.1170556032,1.0867552009,0.846127512,0.9521296886,1.3493372715,-0.125017371995,0.031774316899599996,0.186014336175,-0.044429597968699996,0.321415603313,-0.25351651568399997,-0.08789347061550001,,0.127652731673,-0.0184808758262,0.198993795251,3.8866785646,6.804784216,8.3259516132,10.2246259092,10.1145319761,10.8080218934,5.7398118185,7.0395200309,5.2192753253,6.8151881273,5.8071519723,,,,,,,,,,,
ACH-001172,1.3077774027,1.1252019828,0.8513657751,1.3542452213,0.8696519321,1.100808107,0.8696519321,1.1845376051,1.2966867505,0.892592754,1.2337063147,,,,,,,,,,,,6.3854617662,6.6119367692,7.6527837745,10.8236050705,10.2768322918,10.608922399,6.2385959238,7.2092516593,5.0990999442,6.6437839356,2.5089411728,0.01896645035611358,-0.0009839125502991348,0.21665844521075153,-0.6184635046801171,-0.2002305036676048,-0.09164503883521619,-0.11796842688413636,-0.08353795397897511,-0.1998604312297291,-0.7205135382190611,0.08236829968348405
ACH-000289,1.0122256934,0.570194884,1.0030572842,1.9464455673,0.7811388933,0.9720369088,0.7866353909,0.9987129615,1.0163216043,1.0205826351,1.0332232407,,,,,,,,,,,,9.274764586,7.751727279,8.5682607293,10.5267780748,9.929562139,13.1951729218,8.0617323114,7.6710535615,8.0271254066,4.1133684028,7.6132379235,,,,,,,,,,,
ACH-000102,0.9771872872,0.8532249153,0.6608908835,1.0144726705,0.8982624927,1.0024095052,0.6330059651,1.0954981135,1.0411348921,1.3803479702,0.9040202535,,,,,,,,,,,,6.4044452876,7.004165575,8.2585386072,11.089864886,10.4247980048,11.2611677851,7.2089701481,8.4011640241,4.5378269829,7.43341723,9.4521171865,,,,,,,,,,,
ACH-001606,0.9795194194,1.4592195871,0.9783401129,1.2851430896,0.922983652,0.9466631043,0.922983652,0.9725915753,0.9219171431,0.9132799082,0.9244511554,,,,,,,,,,,,,,,,,,,,,,,-0.0559619711957029,0.02397975278545634,0.16341882124948306,-0.5176967645146765,-0.30814840589489395,0.08924672379079879,-0.08048332985393093,0.005043359602232556,-0.31554845994133274,-0.6604310127405613,0.01625708672815457
ACH-001016,0.9753487009,1.0428466312,1.0278010278,1.3982341729,1.0997968046,1.0160201399,0.7744049073,0.9806022656,1.1764181927,0.9962384512,1.0486054869,,,,,,,,,,,,4.0439704645,3.7602291237,7.4553046302,9.885893486,10.2043160195,11.0444419221,6.2156206584,7.6956749481,3.4242354907,6.6195665961,2.7724633899,-0.014523018002352651,0.15628680193201105,0.48035860989815116,-0.41053404720978665,-0.34898162078331585,0.18220413077275843,0.06923808457372319,-0.0918816344944417,-0.4973082702591032,-0.21880637665974695,-0.22220489209532066
ACH-001289,1.0567096319,1.0350059059,1.0647531515,1.033873733,1.0448877753,1.0432457187,1.0204637964,1.0597360681,1.0359999978,1.0367736808,1.0753959921,,,,,,,,,,,,3.9992445356,4.0934318676,5.928532738,9.9724326773,10.4232789327,2.0666303536,2.5813095591,6.2266122929,0.8936520107,7.624722596,1.863373722,-0.11555172391218951,0.06800020310352207,0.15858051386023014,-0.06727735554952485,-0.5679326146826229,0.04656142900557237,0.049673136719632305,-0.15632487634774817,0.08294135556263438,-0.013010364911304362,-0.048378198590013445
ACH-000622,0.883101396,1.0838206199,0.4121026776,1.2155085151,1.2144499208,1.5137920127,1.3761054243,1.0552742628,0.7038944422,1.1671791363,0.6683288231,-0.111308807425,-0.563626975328,,,-0.130845669305,-0.268827529426,,,,0.05862932626680001,0.111713254267,6.0043056617,0.3384194151,8.4401714745,10.5456876003,10.2546344563,5.1964579675,7.4763332468,6.9130072818,2.0696421853,8.5588458632,6.4292347873,0.13758182744446262,-0.0232357457828164,0.1679178541629402,-0.4025312963647846,-0.14019730708946562,-0.13326721702480968,-0.3233450293542157,0.16035973240025583,-0.2206624582503733,-0.5658079933658232,-0.06595063432889807
ACH-003438,0.6911596978,0.8792248088,0.9073782603,1.0130778203,1.0196118177,0.9841239916,0.9714179163,1.0221422585,1.0020295122,1.4316263472,1.429336895,,,,,,,,,,,,4.7048130248,7.7808787582,7.8668962412,10.4897518475,10.5320540401,12.1613557581,6.2383453182,8.3529528307,3.6359008067,7.3360454212,6.3565393651,,,,,,,,,,,
ACH-000323,1.0119808572,1.1467325867,1.0346515653,1.1792413349,1.1659969381,0.8354509303,1.2050140769,0.9296631653,0.8074277075,1.1511860382,1.0706864133,,,,,,,,,,,,5.5147496549,9.3195785629,7.929401921,10.9493727312,11.4462386744,11.5312885565,8.208324938,9.083013372,6.9776198275,5.4071919298,8.0067108335,-0.03496581165855824,0.014710255683783214,0.22845437334486662,-0.21673480591455774,-0.2570761444054246,-0.01650628978570623,-0.3370758230971893,0.05269580194202469,-0.28062187558851137,-0.40425306407124223,-0.1300976556387647
ACH-001125,1.2846853034,1.3342333427,0.7441900466,1.7500898594,0.7053606503,1.0598109951,0.7198763363,0.7899849095,1.288664758,1.1047845122,1.1696119852,,,,,,,,,,,,,,,,,,,,,,,,,,,,,,,,,
ACH-002268,1.2090442106,1.3699991518,1.1492184024,2.0604422095,0.9096900636,1.2269742737,0.9096900636,1.2537745932,0.7939538194,0.737423859,1.0861497315,,,,,,,,,,,,,,,,,,,,,,,,,,,,,,,,,
ACH-001232,1.1781130625,1.305819961,0.8687831334,1.3003130559,0.8650563389,1.3237438669,0.8650563389,0.8400872054,1.2490653851,1.0192394332,1.1956275123,,,,,,,,,,,,7.054508448,7.7734392311,8.8209909323,10.6915416897,10.4820202553,11.5930681181,7.2895709967,8.8335984611,6.1533127635,6.9510637174,8.1585495045,-0.25429990460666146,-0.04674407793485729,0.08250745307256384,-0.10316213510750383,-0.21741595175820522,-0.11615195204258914,-0.1663153755044818,-0.1691851885175862,-0.42081186793378683,-0.993066161551549,0.06292036289189029
ACH-000807,0.9177155765,0.9026790313,0.9293932036,1.3806580031,0.9221216535,1.155141831,1.1047937016,1.5486316151,0.9175482943,0.9580190956,0.923400232,-0.408836013944,0.06998723202589999,,,-0.201064621265,0.169080367975,,,,-0.224620184777,0.18972045359700002,5.6611450724,7.0089188852,7.7585599078,11.5347655483,10.6388263163,11.1329023179,7.8166070622,7.9582784946,1.6351140124,7.2352024282,4.9768461543,-0.0809805489807288,-0.124244755940278,0.18410229373788242,-0.4703214871862207,-0.1813228112503814,0.08770101624177623,-0.1686816383232679,-0.02834682639421362,0.11553720572030468,-0.7131385688907127,0.14304480987257828
ACH-000558,1.1276708278,0.8754489752,0.5682595776,1.3839520897,0.8274689028,1.342948518,0.5499437623,1.1033587881,1.3416487346,0.8315033609,1.3692719428,0.09903658248500001,0.120593658231,-0.0739435457973,-0.12883070457999998,-0.205086653184,-0.5790469299350001,-0.45776879429300005,,-0.100829864877,-0.214222403685,0.142608347231,7.0128005567,8.6483979192,9.0387086499,10.7311625342,10.1509420468,11.1354989437,7.4577588468,7.6835843561,8.7795442413,7.5319764546,7.0027853832,-0.2741853079175901,0.07043643346473445,0.1709670934270651,0.042769454054586986,-0.23854113148290054,0.10898678244822825,-0.2726707388431753,-0.03653866301228974,-0.8167061527375995,-0.6901366317703014,0.07991089465503468
ACH-002229,0.8200660401,1.1897488005,0.9963675905,1.3339513023,1.0359145474,1.051799707,1.0359145474,0.9341719295,1.048247217,1.0179452723,1.0220366982,,,,,,,,,,,,,,,,,,,,,,,0.018657641105307137,-0.09721751666375707,0.11165669726648726,0.0007836591179026797,-0.02337183429643297,0.109801525211418,-0.3100851666893433,0.00907925193039945,0.4246485700723407,-0.5752733781598841,-0.15559854481405527
ACH-000067,0.8971859917,1.1640459428,0.8717576353,1.5863278864,1.0406688043,1.0061190336,1.0406688043,1.1218175047,0.9696110195,0.9015597418,1.075921633,-0.311297601004,0.347842891123,0.399862595433,0.221267869087,0.0430769616764,-0.19534528466099998,-0.293981642343,,0.227974898628,-0.161631068398,0.267369931336,6.1357951578,7.4561077808,8.1602543395,10.9379665986,10.9360287829,10.8256463067,7.5475026715,8.546917832,7.1456612933,6.4849027358,6.6378321305,-0.09241984536704559,0.11248278858851926,0.030018727465275785,-0.15434537177729057,-0.019780729708350625,-0.024890571929010098,-0.2115479887646495,0.11406764977900427,-1.095678931592136,-0.35819078152581374,0.07310081660359874
ACH-000863,1.050551582,0.9618474471,1.0628175825,1.3994694562,1.0256005921,0.8148243505,1.0258273918,1.1208661448,1.2839312916,1.2309908174,1.067428917,-0.301664582506,0.218186775447,0.07821605682239999,0.320443259712,0.397279955286,0.0524632731343,-0.0902558079263,,0.184106113549,-0.00045074501353,0.374039637042,8.1458506023,7.8231260723,7.8674702181,9.7526025936,10.1223681441,11.7310814775,6.5401026778,8.0173379493,6.5618312426,6.9141987079,6.3559263117,0.026879549126961538,-0.4380092712932776,0.10234650871758516,-0.44078580481009216,-0.22151863481194373,-0.16007184059284177,-0.2270483302973303,0.04959137162168359,-0.34143473411739095,-0.5452962547630267,-0.05266637388415968
ACH-002349,1.034949232,0.9823744881,1.0615519682,1.0710723974,1.0539438442,1.0687526521,1.0539438442,0.5407115204,0.5401597326,1.037223645,1.0794317291,,,,,,,,,,,,,,,,,,,,,,,,,,,,,,,,,
ACH-002409,1.7461687646,1.2599530717,0.6237310566,1.7397741093,0.7234769709,1.1920312024,0.6315395542,0.620633295,1.2225555337,1.2055128256,0.9732329025,,,,,,,,,,,,5.6749481014,4.7854872163,8.2771053757,9.4132760315,9.5480451328,9.9477530068,6.7778368068,6.776096717,4.4290666232,6.5375208514,4.1438956241,,,,,,,,,,,
ACH-001605,1.0964971027,1.1224763123,0.7653364413,1.6282723167,1.1651809342,1.1942997705,1.1651809342,0.7665219445,1.5014360207,0.8728175405,1.1635038624,,,,,,,,,,,,6.8554248275,6.9111564089,8.9566420899,10.6596479834,11.0714573823,11.4565957556,7.2709533601,8.8574010961,1.6797155962,7.3815767033,10.8252297308,0.03272630543051587,0.13379595832699148,0.12476671956079916,-0.07277257299233231,-0.14995775151161347,-0.12769258095726121,-0.1183237311445214,-0.02767036741000501,-0.5148925818449536,-0.17578488708498352,-0.12877608930933893
ACH-001031,1.0736129659,1.0429066292,0.5392020924,1.0444279708,1.047556458,1.1108777041,1.047556458,1.0492351175,1.0382572889,1.0507984664,1.043888773,,,,,,,,,,,,3.9264909114,2.2971660834,6.7411187957,10.333102827,10.4013133967,9.2979239913,2.4582021158,6.310154659,0.5461721775,8.6842604173,4.6679218882,-0.15966411061320496,-0.13170192033374084,0.20791917065813098,-0.8937294641430089,-0.35197321010049387,-0.091887420711328,-0.39408479652399264,0.07311722602595017,-0.5784217700831723,-0.8497013718889618,-0.19343424786848676
ACH-002230,0.9747188163,1.0435176483,0.6932146264,1.4444697586,0.9448747451,1.3416905834,0.9448747451,1.1761042936,1.2995606812,0.9976806508,0.8959853199,,,,,,,,,,,,,,,,,,,,,,,0.0028922530342281455,0.050405864024887274,0.11670893768033616,-0.13394599936707002,-0.1389116697863653,-0.07512698000361125,-0.014418788791629666,0.1820324634469619,-0.14050612126521805,-0.5194067398490065,-0.0057532300744814885
ACH-000329,0.9970149204,0.968302685,1.0410013936,1.4739463368,0.9858178439,1.0139932159,0.9604716926,0.9724998954,0.9524940595,1.0073388076,0.9784567588,,,,,,,,,,,,6.5239204038,7.6518299237,8.5968155181,10.8111872215,11.092928243,10.8769465958,7.6600800484,9.2894046049,7.2510125758,6.602387906,9.5260663056,-0.005703171527728458,-0.03310808017456502,0.06568619847059613,-0.2204657498930141,-0.23561077243707126,0.010444767390112774,-0.050008253860858415,0.02911852444505432,-0.3048078509207353,-0.3563878704912809,-0.046567481910414515
ACH-000160,0.9805349775,1.0125379631,0.9858390269,0.9963641374,1.0046973663,1.0085901214,1.0046973663,0.9733266755,0.9803181915,1.0013102126,1.5165867251,-0.153101731404,-0.0670959045003,0.19910587721500003,-0.0540457931726,-0.280177566531,-0.321719423099,-0.0197162801147,0.195203732194,-0.013102451449400001,0.103418895405,0.13779197810399998,5.9367727875,7.8789032396,6.6979963511,9.5230117604,9.3299759586,9.473675115,3.6007929435,5.239823098,1.5983179575,6.8845605088,6.8578497888,-0.07493096625074154,0.03623542065912554,0.0034381501699690675,-0.37623952695054774,-0.15754628331156278,0.06604275886965699,-0.4306114552584569,0.04494239678852041,-0.2304693649486207,-0.536236590948015,-0.052797272307879374
ACH-000027,1.0411146858,0.5374025231,0.5312622103,1.5707210609,1.0397711275,1.0562534107,1.0603995771,1.0281715516,1.0422345602,1.040841218,1.0393726488,,,,,,,,,,,,6.8877092363,6.7887007022,8.5141335592,9.5835257981,9.9915363776,11.9935340742,7.6596212343,7.6653696439,4.7522693284,7.0199609157,5.0072049868,,,,,,,,,,,
ACH-002225,1.1424594819,0.9288232559,1.1318713587,0.9963807126,1.8426077677,1.159717969,0.5906252746,1.1557865609,0.8897722439,0.6330515984,0.8973887481,,,,,,,,,,,,,,,,,,,,,,,,,,,,,,,,,
ACH-002223,0.9328713232,0.7644033468,0.9805308995,1.6305514904,0.994875568,1.1094464237,0.994875568,1.0769938413,1.0359360889,0.5306130268,1.0399743889,,,,,,,,,,,,,,,,,,,,,,,,,,,,,,,,,
ACH-000592,1.1357198448,1.1104250353,1.1170571518,0.767616698,1.4467493541,1.4112777999,1.0467428039,1.3947649353,1.0684356355,1.4099568389,0.7139752653,,,,,,,,,,,,8.8026276274,2.0133303932,8.2929615363,10.2436671204,10.4081773487,12.3324760402,6.5199664713,9.5779675894,4.2724529305,9.0387086694,5.1589093995,0.09131330653434419,-0.05794744895389286,0.32756944782548914,-0.2303315075002128,-0.23513118038546668,-0.062297385032822,-0.10322414807221786,0.08116081132171876,0.08703740906343105,-0.6739493284817152,0.0060602683234844
ACH-002228,1.102488036,1.1021701803,0.9195111666,1.9609516985,0.871061206,1.2372139453,0.871061206,1.2552667708,0.7357905232,0.6886190513,1.152512182,,,,,,,,,,,,,,,,,,,,,,,0.10159648873749876,0.32668084794297386,0.21627088038500392,-0.376394048474085,-0.11099025477108605,0.14746359347605267,-0.13926412244059175,0.10764173126679591,-0.48641942423286655,-0.41876333849496034,-0.020479222020524726
ACH-000631,0.8481803705,0.9368779364,0.6487870822,1.1185781077,0.8647374045,1.0980486686,0.8647374045,1.0957380917,0.8465000157,1.0723619983,1.0702308343,-0.036531437909699996,0.0867606178734,,,-0.27916916268,-0.0524186732187,,,,0.0390354916593,0.302251410372,7.6435420053,7.1846469225,9.0758493029,10.9345916836,10.3205281138,11.8677761736,6.9265978559,8.074263163,7.1557906405,5.432149706,9.5413128645,-0.3951495080779246,0.0640173625734579,-0.0027627952191315586,-1.0510857902587953,-0.2790669513888258,0.05791101969024743,-0.05214936629463765,-0.28143966604618437,0.2607648662496007,-1.1932685907327856,-0.4778669520835527
ACH-001126,0.8106280485,1.1475133994,1.0585753758,1.4903250225,0.8399084571,1.2062283095,0.8399084571,1.1170912208,1.053569875,1.0163547144,0.9026521271,,,,,,,,,,,,,,,,,,,,,,,0.15670221701136322,0.0649805958015683,0.2644273645796217,0.00994230071035096,-0.22652986029742433,0.07504801454706242,0.08890222019697433,0.0716772279126482,-1.0862411164705699,-0.5062674634282016,-0.032606051822565874
ACH-001054,1.1224444131,0.7656479028,1.0930042419,1.0844255426,0.843615788,1.15704101,0.843615788,0.571012012,1.1296297585,0.8512111772,1.0567118293,-0.508327592452,-0.25630456174800004,-0.033066850145,-0.0798287406433,0.0692675054562,0.11303075092800001,-0.207165863036,-0.0425942196384,-0.0066447717333900005,0.246278822088,0.364183344415,3.5334530513,6.3310541931,7.0523333283,8.1776338895,9.1165565092,5.6159757035,6.9713272014,4.2518278626,0.1392539835,5.9233128844,1.3961038743,-0.08904928099241295,-0.04629863691589795,0.12282831424756857,-0.556312387773964,-0.3765129269340529,-0.1198490550194974,0.017402207188487062,-0.08804256136463248,-0.013684442020230114,-0.2836155819777183,-0.023641338879880985
ACH-002226,0.8142868447,1.3063921255,0.6321583978,1.5539186732,0.9296000168,1.2598246983,0.9296000168,1.1243708838,0.9643675422,1.1578769955,1.1075040695,,,,,,,,,,,,,,,,,,,,,,,,,,,,,,,,,
ACH-002304,0.8630972319,1.6250487519,0.8379249862,1.5714659362,1.1384792523,0.835034668,1.1081237471,0.9211519098,0.844114142,0.7727035869,1.4484139732,,,,,,,,,,,,,,,,,,,,,,,-0.17395203142290644,-0.1874421226843046,0.11009552656605656,-0.11093302383154224,-0.08267909247530775,-0.14555347326286427,-0.26831472157768244,0.08440049946005108,-1.4628852875366904,-0.4589188015234007,-0.027787173584276806
ACH-001329,1.0588021284,0.5256462046,1.0014184911,1.4302982367,1.0400861274,1.044941372,1.0400861274,1.0235886107,1.0176496747,1.0305532124,1.0566525019,,,,,,,,,,,,7.1415633585,6.9108357242,8.0129005729,10.7634069579,10.514323621,11.3856473198,7.762320441,8.5735795099,6.8286996306,5.953418613,9.4029069489,-0.040302461493160496,0.004494994899729222,0.14061610477923603,-0.06302834151035264,-0.053017902269777956,0.02226695680186984,-0.1955699377247953,0.08751746934647003,-0.3468922242777484,-0.26815630774108784,-0.050760451548967564
ACH-002231,1.006938101,1.1196043521,1.1527023265,1.4377840456,0.8381004078,1.1335146208,0.8381004078,0.8672903726,1.0807883284,1.1483966284,0.8789798512,,,,,,,,,,,,,,,,,,,,,,,,,,,,,,,,,
ACH-002224,0.9816944744,1.0530799718,0.9612516003,1.9564144154,0.9806777154,0.9923926808,0.9806777154,0.971213917,1.3852266034,0.9474363963,0.9887488385,,,,,,,,,,,,,,,,,,,,,,,,,,,,,,,,,
ACH-000469,1.315943912,1.2129373205,1.0484891993,1.6205168256,1.0082448244,0.9775043312,1.0082448244,0.5784595562,1.0620745231,1.0145563523,1.0237447121,,,,,,,,,,,,7.0479840941,6.0069900644,9.2838319138,9.3517507661,10.3773945657,11.9324412697,7.915695326,9.0276907334,5.515235243,6.3728179799,8.7910208657,-0.05206902076675121,-0.040381907301782975,0.2333517819259254,-0.04171381433917909,-0.1349178232888279,0.032741799106924964,-0.2541957977391076,0.01700503938333474,-0.16227892014691347,-0.972403774831363,0.06831296892352129
ACH-000591,1.2241989196,0.8241815082,0.9598640568,1.5363841653,0.7760061547,1.2358134669,0.7623767354,0.9574585919,1.2385954059,1.0077725043,1.042674608,0.04800804892990001,0.29871948918,0.00883005149857,-0.0907585390156,0.220857330754,0.352192336268,-0.44646802479900005,,0.17428125635400002,-0.0580281243458,0.365590329138,8.7939989877,6.0416926563,8.5633832441,10.2575888607,9.9970267908,11.7016093899,7.2246574952,7.8189865668,7.0975607588,5.4539785095,5.8576513653,0.12506307533245248,0.13018576096931328,0.28908778662986295,-0.5323118927402315,-0.3271666938285317,-0.19055975367568573,-0.18709228288357704,-0.010434445354446509,0.28372543006723694,0.0638373955128545,-0.1520780942531487
ACH-000095,0.9654831594,0.9695001321,0.9731040636,0.9593904608,0.9737646275,1.4884946127,0.9737646275,0.951962072,0.9814719896,0.982801524,0.9727756355,-0.447324014783,-0.0323749229367,0.0814185783069,-0.182710907679,-0.122199239591,0.00853698656653,-0.17005821654300002,0.09981742214130002,-0.136097037408,-0.19649812775699999,0.00816266914413,4.4579268426,5.8997672018,5.8790673982,8.6986401836,8.9730996405,6.9160082232,4.8063786775,5.0433209989,0.563649879,6.3707072227,1.9529700727,-0.15146033964310207,-0.07353084515912336,0.20281826828153648,-1.0754823990917375,-0.10036397769327933,0.0004847949166824888,-0.11119654871245703,0.17004631522520589,0.1036164237945737,-0.2224394941774614,-0.08133861853305335
ACH-001028,1.0206102246,1.0523575796,1.0466999976,1.034360437,0.9461035508,1.0676279647,0.9363702477,1.0409523282,0.933315655,1.074088597,1.0666486233,,,,,,,,,,,,7.745176093,4.9199069076,5.4059579726,10.220713538,9.1660170684,10.7867182747,4.558735073,5.1649436717,1.5343807223,5.6558642221,7.2313577952,0.005443573512001941,0.03898764800148515,0.16282122740074034,0.02441401334896509,-0.2170826133490314,-0.07434237940410686,-0.13414665620310728,-0.09396714070425782,0.023733019013466472,-0.35619637782079056,0.04924573040015071
ACH-000609,1.0048575518,1.142413553,0.9917579759,1.5067290445,0.956573016,0.5150187994,0.956573016,1.0638052043,0.9771053332,0.9681127607,0.953977404,-0.108867136379,-0.0108234381423,0.08714208050439999,0.10972768021500001,0.26601843607700004,0.185698845121,-0.146969349673,,0.255593077744,0.049003109248400005,0.7129621299590001,6.6502379401,7.8819489269,7.9625754612,10.8552197528,10.9083959535,11.7850216303,8.0614314455,8.7581184245,4.8264305197,7.34744564,7.132519951,0.11019911390233546,0.05651967900022985,0.2634427381353687,-0.18537521063992907,-0.14434767423012085,-0.2165598006461959,-0.09640883746960598,0.09306797753551194,-0.4184257166660443,-0.4926109769598468,-0.11406517241174913
ACH-000055,1.0477104048,1.0325416662,1.0553144939,0.5166241536,1.0506564462,1.5623405954,1.0506564462,0.5220514856,1.0289222715,1.0332855498,1.047047578,-0.6358921622020001,0.0665904750825,0.497099089424,0.00677549449001,-0.226841280578,0.156813924177,-0.497795902465,0.208720217093,0.090838544619,0.00452709579086,0.00483319135712,3.3860795188,5.8223304357,5.8975696099,8.6657935481,8.9216201297,7.6053479713,5.4244042165,4.5467249637,1.2394910966,5.484419016,1.5531252687,-0.07696178534395859,-0.13388463420919178,-0.23147456701239552,-0.6529939735746387,-0.3250308491298383,-0.1368207060174005,0.208040519877943,0.008411227321587304,0.310202662717444,-0.33686086528880843,0.009025125973635008
ACH-000570,1.1148178441,0.9889681744,0.6561974988,1.5529399028,0.6569352112,1.197086995,0.6527104308,1.2495650436,0.9533289415,0.9316745566,0.9723414982,-0.25211760332100003,0.0796594448365,0.15620351011199998,0.12200653346200001,-0.131935518705,-0.030471141751000002,-0.168739146867,,-0.024927737766499997,-0.356981662815,0.18232420785700001,7.5620377038,7.063630694,7.5319771834,10.6285982397,9.581112199,10.8586802518,7.8665873441,6.4817478999,7.2593440159,4.8059708788,1.6510385818,-0.07887405884153564,0.05776995500503717,0.2475914360773186,-0.5334567171920033,0.054780130552877726,0.05841939569155071,-0.15414990230705553,0.027126539774037207,-0.4989376615712734,-0.5624905520460124,0.2796197564293713
ACH-001033,1.3681970268,0.8920299162,0.9236658919,1.3500567008,0.9214590765,0.9094536384,0.8891846818,0.9156581557,0.9060295441,0.9043850194,0.9003794284,,,,,,,,,,,,10.0458654552,6.9893893433,8.6257273331,10.2292842587,10.5539027159,10.7230798782,8.0560530872,6.258574158,4.4188358656,7.5166576598,1.3701000349,-0.19439286552854798,0.0035811978895585635,-0.1705456183787977,-0.3915029305758426,0.14593017283758575,-0.03238143432122549,0.25669273566343376,0.1869861714284633,-0.37982305328595256,-0.49460667480378484,-0.1004227548665656
ACH-001118,1.0677915224,1.3437064526,0.8201854183,1.1310588531,0.9182767988,1.1490638768,0.9182767988,1.081986876,1.0869005939,0.8709199345,0.9544866999,,,,,,,,,,,,,,,,,,,,,,,,,,,,,,,,,
ACH-000040,1.0527084982,1.080860998,1.1444837668,1.4336491465,1.1142160477,0.8033591451,1.1869408158,1.0923180601,0.8394614617,1.0076823974,0.7916216642,-0.024859215981,0.108529647556,0.147839571609,0.11393351235600001,-0.0817086961488,-0.217497247323,-0.09632728842160002,0.203931228007,0.09029658637560001,-0.20996381477099998,0.281901012743,6.3111013224,5.2985663224,8.5764048436,10.2822121517,10.7636553865,11.1081729803,7.3483405101,8.4274426734,5.8355573745,6.37803287,3.8010439269,-0.027174053133540578,-0.19487454818837407,0.16027210919472382,-0.18458743469778655,-0.10186992035819868,-0.09651920429905084,-0.1909169398636651,0.05422737233964079,-0.9511479985151883,-1.3372954220698245,-0.15493240668485378
ACH-000137,1.8305992568,1.1075163522,0.4471934661,1.3602633618,1.3398755436,1.1044407313,0.4956432541,1.0330878923,0.9639698973,0.9190453769,0.9639585384,,,,,,,,,,,,6.7864537727,7.2249606748,8.154638154,10.0911439072,10.9543667411,9.9473930804,3.5180105799,7.0854183306,4.6151469114,5.8935156176,2.6835908821,-0.11690826191007075,-0.12708314779175886,0.22116063987862905,-0.32214666009514936,-0.1082037155545407,0.08633883938663496,-0.07175507533938233,-0.006706065922470394,-0.6392204382112994,-0.3518878379816333,-0.029860287202958774
ACH-000269,0.836982289,1.0046514047,0.8800717177,0.9105688427,1.0905984423,1.7823516473,1.1064175916,0.9484975814,1.1510121001,0.906001284,1.1323853579,-0.0727366154703,-0.0429294237512,-0.012947084414999999,0.273055978807,0.177650180024,-0.028217475608,-0.43466384141099995,,0.20215654515,0.0823091301779,0.228834331259,4.5723343258,8.092232817,8.62711774,10.4606768731,10.2925385909,11.4837396339,6.657404104,7.4096306406,4.2515809448,5.7873208296,1.0421315992,0.037478168815433095,-0.11483566568993761,0.0327419204636224,-0.25444220286671093,-0.35131921113840514,-0.13232011723887221,-0.15277435906334266,0.18872175390318502,-0.8943793293012536,-0.7021684713627077,0.06109114112912204
ACH-002259,1.0329181948,1.0812364102,0.5473812794,1.6577873967,0.8938341061,1.1052563324,1.0729553195,1.1415499595,1.0798103873,0.9940194594,1.0713872258,,,,,,,,,,,,,,,,,,,,,,,,,,,,,,,,,
ACH-000208,1.0328394418,0.5997008821,1.0214609135,1.6256706425,1.0559174124,1.5071614819,1.0350597132,1.0136032111,1.0494947866,1.0523604974,1.0499437219,-0.64438335342,-0.016233436376200002,0.055927552363,-0.254501537002,0.231293770513,0.18501447556899997,-0.14741276657299998,,0.22124342379200002,-0.0777125695106,0.07682276152660002,5.1403609492,8.1171416981,8.5118577235,10.9770218483,10.3875387295,10.7645612935,7.1491169116,9.3416259734,7.874076016,5.577972877,9.3914331865,-0.00824474065952363,0.13926368619322246,0.19152896477328682,-0.6179786074689816,-0.24870016096555408,0.011310295903860694,-0.07556855944946109,0.10771379626754116,-0.6712704562099567,-1.0195085648484876,-0.0701691637293536
ACH-002257,0.9033055638,1.0464961471,1.0901638604,1.1978032899,1.0053340804,0.9545455841,1.0053340804,1.1089482173,1.0718588991,1.0346529997,1.0080910865,,,,,,,,,,,,,,,,,,,,,,,0.1516384712324518,0.01744200031793779,0.1916933768639936,-0.07331431065839683,-0.04080925212335321,-0.05471920376868185,-0.2528889046985103,0.0340852067680615,-0.5087391021921036,-0.8996487576949272,-0.14623254757851242
ACH-000200,0.9624269855,0.953650143,0.9513367398,1.9021868926,0.9715317167,0.9928853209,0.9656852855,0.9536422108,0.9636839617,0.9579704103,1.4437800758,,,,,,,,,,,,7.2327230614,5.7906207458,8.7966162215,10.3406110941,10.1183368881,11.6944329757,7.3679271561,9.119803687,3.6455388928,8.3535658291,6.4336576691,0.11174362798192161,0.15869258116321291,0.2901282616196373,-0.17068625878142063,-0.08369203630255967,0.15660782527504633,0.0018922280658374702,0.013779562933215478,0.013578628358990041,-0.7921746316477462,-0.1502155055636364
ACH-002227,1.1503357469,0.6785579807,0.9992669191,1.5795252501,0.9428832178,1.5452947024,0.5336419546,0.9896642022,0.8824809252,0.9968967531,0.9338980692,,,,,,,,,,,,,,,,,,,,,,,,,,,,,,,,,
ACH-000629,,,,,,,,,,,,-0.557678763654,-0.103008012144,-0.369634403578,0.0337287212417,0.0839145449119,-0.009860262943479999,-0.22038840908799998,,-0.323476177273,-0.0518785965275,0.0696593621962,3.7183272065,7.8279017373,7.5966100181,10.5759609667,9.9275079488,10.6715127502,5.8976612328,7.3859383846,3.4060920378,6.976066036,6.4582132246,,,,,,,,,,,
ACH-001000,,,,,,,,,,,,-0.109870181469,0.151114606643,,,-0.230723076288,-0.335154599381,,,,0.0431825698666,0.30082396713799997,,,,,,,,,,,,,,,,,,,,,,
ACH-001052,,,,,,,,,,,,-0.325250427687,-0.067441197679,0.0903224470792,-0.0643769924814,-0.23958532082400003,-0.20138379246399998,-0.38728229954300003,0.07895749892839998,-0.223091205015,-0.169712942889,-0.146858723751,,,,,,,,,,,,,,,,,,,,,,
ACH-001055,,,,,,,,,,,,-0.356594396739,-0.23262686995700002,0.0717062508149,0.167208195379,-0.284797230178,-0.0972319379142,-0.045962277377199996,0.171752829557,-0.08539523164280001,-0.322691676054,-0.0630646083878,,,,,,,,,,,,,,,,,,,,,,
ACH-001198,,,,,,,,,,,,-0.771940461543,-0.190080421075,,,-0.16398785203299998,-0.058906520461800005,,,,-0.19061898789099999,0.075293598108,,,,,,,,,,,,,,,,,,,,,,
ACH-001142,,,,,,,,,,,,,,,,,,,,,,,8.2858719726,8.1814642134,8.772633484,11.1275936881,10.91479735,12.5032993099,7.7706048399,9.4847480186,5.365492459,7.5531185439,9.6234413031,,,,,,,,,,,
ACH-003150,,,,,,,,,,,,,,,,,,,,,,,5.9677084677,8.0300628866,8.706740594,10.2801359223,10.3805911302,11.4910018745,5.0009096475,8.7660634944,5.3252274862,6.6352986342,10.1987243937,,,,,,,,,,,
ACH-003148,,,,,,,,,,,,,,,,,,,,,,,5.7716296036,7.5442135481,8.6793079634,9.7102062403,10.2585174421,11.2180893134,5.5506865895,8.7593003481,6.3597118838,7.2443147775,8.4487300613,,,,,,,,,,,
ACH-003135,,,,,,,,,,,,,,,,,,,,,,,3.2114790121,7.2946994714,8.3293186865,10.8828636636,10.6906466115,11.7528982688,5.4077434371,8.9305340288,4.8690673112,8.4064506013,7.1424682331,,,,,,,,,,,
ACH-003137,,,,,,,,,,,,,,,,,,,,,,,3.8013997667,6.8618728558,8.3808552038,11.0293320688,10.5129570859,11.9016294141,4.3053586044,8.5954950704,5.2135546201,8.7820559269,5.764131714,,,,,,,,,,,
ACH-003138,,,,,,,,,,,,,,,,,,,,,,,5.8358396988,7.9636468773,8.4668985667,10.3005315157,10.4481666272,11.3851382992,5.3401990136,8.6839854057,6.3676026078,7.3456017931,8.4417214341,,,,,,,,,,,
